mae,rmse,close_mae,close_rmse,test_loss,sMape,r2,medae,evs,psi,bias,error_std,model_name,folds
0.736690257250625,1.0206328243680378,2.5725960294347345,3.537015297444089,0.4242298704172884,164.83978174013177,-0.1928860432218236,0.4645154025598458,-0.003952198826229515,14.232432582367332,0.07819652714829436,0.9562722910631704,rnn,14
