mae,rmse,close_mae,close_rmse,test_loss,sMape,r2,medae,evs,psi,bias,error_std,model_name,folds
1.0140991838240112,1.267294626832466,2.9647051794695445,3.614191007377219,0.6225220837763378,158.43579202990077,-1.5199883007134711,0.7796013384131782,-0.38249660179858286,0.0,0.13870827835964955,1.0694563060115145,rnn,14
0.7649046681923088,1.0268721987825102,3.63793655639924,4.863126996457365,0.43692319627319065,153.32301664644822,-0.24700582874201663,0.5565406802307242,-0.044310327540477014,0.0,0.11623677472080575,0.9522553292853557,cnn_gru,14
0.80106216388627,1.0599817254015151,3.573918459833407,4.857775700827195,0.4920362760978086,150.65092567308466,-0.4790338147106644,0.628900395861291,-0.0819916131218502,0.0,-0.018522634890863976,0.9505029080061603,lstm,14
