mae,rmse,close_mae,close_rmse,test_loss,sMape,r2,medae,evs,psi,bias,error_std,model_name,folds
0.7729678069582151,0.9584097013756954,3.206015878465813,4.00712317637328,0.43991001322865486,145.88183990331868,-0.8315595380436833,0.6022490580169053,-0.16527834423780183,0.0,0.08910175066676378,0.8170744709571722,lstm,8
