mae,rmse,close_mae,close_rmse,test_loss,sMape,r2,medae,evs,psi,bias,error_std,model_name,folds
0.859957311382414,1.1514282476461422,3.1185844868767236,4.09350485335191,0.5121048665963687,149.41607138440114,-0.2970314774561663,0.6669206558093724,-0.13481818820546956,13.430185085302973,-0.01795623895403599,1.1139718701081007,rnn,13
0.8254482376566294,1.1000671707895053,2.990925623866464,3.8894444154318473,0.4794893946785193,153.93784340758216,-0.17035092918058434,0.6059314802466975,0.038840190133388616,13.430185085302973,-0.1615529923659896,1.0639482036752868,cnn_gru,13
0.8327750550817098,1.1109867234622006,3.1331022627054272,4.0610799731455165,0.48475573039971864,152.14306814190684,-0.17988073103148944,0.6408355734667892,-0.031150897120205894,13.430185085302973,-0.10208737073722177,1.0932024999852954,lstm,13
