mae,rmse,close_mae,close_rmse,test_loss,sMape,r2,medae,evs,psi,bias,error_std,model_name,folds
0.7741709716640698,1.0378349273539154,2.7858436428036235,3.6482845100260746,0.4358286325420652,159.18182381162939,-0.35823410886473767,0.5431203293870486,-0.11553570219760807,14.232432582367332,0.10479611955960445,0.9743647957918851,rnn,14
