mae,rmse,close_mae,close_rmse,test_loss,sMape,r2,medae,evs,psi,bias,error_std,model_name,folds
0.812474165,1.127954187,2.904907167,3.88168433,0.471791781,156.408743,-0.137362023,0.601617729,0.024301652,12.06705551,-0.02777371,1.073202177,lstm,13
0.8798192180615764,1.1571966890066436,3.2924719044951534,4.195458236399849,0.5134937883569644,155.3303176404932,-0.25004697100096895,0.6922184505360952,0.027270707065931547,12.067055505900047,-0.12917747615275713,1.097156744603907,cnn_gru,13
0.8357382386579145,1.1463113447569846,2.8804004913556276,3.860359925186522,0.4969312623143196,152.69650476682807,-0.2001459652416368,0.610317444622384,-0.10061339241735091,12.067055505900047,0.05265915449140364,1.1144007164025098,rnn,13
