mae,rmse,close_mae,close_rmse,test_loss,sMape,r2,medae,evs,psi,bias,error_std,model_name,folds
0.8553767734294769,1.0957241075013053,3.048892395384305,4.003904050062124,0.4999924323388508,152.54534362508448,-0.6640124178809726,0.674583177206118,-0.08314350508099637,14.232432582367332,-0.09387001429072284,0.9672236720992097,rnn,14
