fold,mae,rmse,close_mae,close_rmse,test_loss,sMape,r2,medae,evs,predictions,psi,bias,error_std
1,0.4745526988104413,0.7241733866581839,5.667371060945422,7.900283512166973,0.2462470680475235,144.7716807317149,-0.012625210463470538,0.2837245462203785,-4.631753020545304e-05,"[-0.08311281 -0.08312282 -0.08312121 -0.08311549 -0.08311856 -0.08311987
 -0.08311594 -0.08310747 -0.08311769 -0.08313969 -0.0831458  -0.08314148
 -0.08313662 -0.08313447 -0.08312809 -0.08312881 -0.08313638 -0.08315513
 -0.08317083 -0.08317938 -0.08318132 -0.08318254 -0.08320048 -0.08318609
 -0.08317488 -0.08316854 -0.08317599 -0.08318403 -0.08314747 -0.0830451
 -0.08299699 -0.08296958]",0.0,-0.08071224048859212,0.719661467760568
